Key,Key Description,columnType,Source,Module
ANOVA,ANOVA or analysis of variance is a data transformation in which a statistical test of whether the means of several groups are all equal.,STRING,http://purl.obolibrary.org/obo/OBI_0200201,Analysis
Clustering,Group together some data entities on the basis of similarities such that entities in the same group (cluster) are more similar to each other than to those in other groups (clusters).,STRING,http://edamontology.org/operation_3432,Analysis
Copy_number_estimation,Estimate the number of copies of loci of particular gene(s) in DNA sequences typically from gene-expression profiling technology based on microarray hybridisation-based experiments.,STRING,http://edamontology.org/operation_3233,Analysis
DNA_methylation_imputation,The statistical inference of unobserved DNA methylation marks.,STRING,https://dx.doi.org/10.1534/genetics.115.185967,Analysis
EWAS,epigenome-wide association study,STRING,https://www.ncbi.nlm.nih.gov/pmc/articles/PMC3508712/,Analysis
Enrichment_analysis,Over-representation analysis.,STRING,http://edamontology.org/operation_3501,Analysis
Gene_expression_comparison,Comparison of gene expression profiles.,STRING,http://edamontology.org/operation_0315,Analysis
Genome-Wide_Association,"An analysis comparing the allele frequencies of all available (or a whole GENOME representative set of) polymorphic markers in unrelated patients with a specific symptom or disease condition, and those of healthy controls to identify markers associated with a specific disease or condition.",STRING,http://purl.bioontology.org/ontology/MESH/D055106,Analysis
Mendelian_randomization_analysis,The use of the genetic variation of known functions or phenotypes to correlate the causal effects of those functions or phenotypes with a disease outcome.,STRING,http://purl.bioontology.org/ontology/MESH/D057182,Analysis
Polygenic_Risk_Scores,A sample level estimate of the genetic component of disease risk based on genome-wide association studies.,STRING,http://journals.plos.org/plosgenetics/article?id=10.1371/journal.pgen.1003348,Analysis
Sequence_alignment,Alignment of reads to a reference genome,STRING,http://edamontology.org/operation_0292,Analysis
Supervised_Machine_Learning,A machine learning paradigm used to make predictions about future instances based on a given set of labeled paired input-output training (sample) data.,STRING,http://purl.bioontology.org/ontology/MESH/D000069553,Analysis
Variant_calling,"Identify and map genomic alterations, including single nucleotide polymorphisms, short indels and structural variants, in a genome sequence.",STRING,http://edamontology.org/operation_3227,Analysis
assessment,"The final result of a determination of the value, significance, or extent of.",STRING,http://purl.obolibrary.org/obo/NCIT_C25217,Analysis
batch_effect_correction,Adjustment of variable of interest for batch effects.,STRING,https://www.ncbi.nlm.nih.gov/pubmed/16632515,Analysis
chromatin_accessible_quantitative_trait_loci_detection,Chromatin accessible quantitative trait locus analysis. Also abbreviated caQTL or chQTL.,STRING,https://www.cell.com/cell/pdf/S0092-8674(17)31253-9.pdf,Analysis
comparison,The examination of two or more people or things in order to detect similarities and differences.,STRING,http://purl.obolibrary.org/obo/NCIT_C49156,Analysis
correlation,"The degree to which two or more quantities or events are linearly associated, a statistical relation between two or more variables such that systematic changes in the value of one variable are accompanied by systematic changes in the others.",STRING,http://purl.obolibrary.org/obo/NCIT_C48834,Analysis
covariate_specification,"A variable specification that specifies a variable used in statistical analysis to correct, adjust, or modify the values of a dependent variable; an independent variable not manipulated by the investigator",STRING,http://purl.obolibrary.org/obo/OBCS_0000040,Analysis
data_mining,"Use of sophisticated analysis tools to sort through, organize, examine, and combine large sets of information",STRING,http://id.nlm.nih.gov/mesh/D057225,Analysis
data_normalization,,STRING,https://www.ebi.ac.uk/ols/ontologies/swo/terms?iri=http%3A%2F%2Fwww.ebi.ac.uk%2Fswo%2Fobjective%2FSWO_7000015,Analysis
de-novo_assembly,Assembly of reference sequence from short read sequences without external reference genome build.,STRING,http://purl.obolibrary.org/obo/GENEPIO_0001628,Analysis
differential_expression,Genes or isoforms that are differentially expressed between two conditions.,STRING,http://uri.neuinfo.org/nif/nifstd/nlx_qual_100810,Analysis
differential_methylation,Differences in methylation between a test sample and a normal comparison sample.,STRING,http://purl.obolibrary.org/obo/NCIT_C123883,Analysis
differential_network_analysis,Identification of changes in coexpression patterns between two conditions.,STRING,http://journals.plos.org/ploscompbiol/article?id=10.1371/journal.pcbi.1000616,Analysis
dose_response_study,A study of the effect of dose changes on the efficacy of a drug in order to determine the dose-response relationship and optimal dose of a therapy.,STRING,http://purl.obolibrary.org/obo/NCIT_C127803,Analysis
expression_quantitative_trait_loci_detection,A stretch of DNA at a particular chromosomal location that is able to regulate the expression of a specific mRNA or protein. Abbreviated eQTL.,STRING,https://ncit.nci.nih.gov/ncitbrowser/ConceptReport.jsp?dictionary=NCI_Thesaurus&ns=ncit&code=C113415,Analysis
genome-wide_pleiotropy,Analysis of genomic overlap between traits,STRING,https://doi.org/10.1098/rsob.170125,Analysis
genotype_imputation,The statistical inference of unobserved genotypes.,STRING,https://www.ncbi.nlm.nih.gov/pubmed/17572673,Analysis
genotypeAncestry,model genetic ancestry from SNP data,STRING,http://www.compgen.pitt.edu/GemTools/GemTools.htm,Analysis
hidden_confounder_detection,Identification of a hidden or latent variable that may be inflating the type I error rate due to mutual correlation between dependent and independent variable that are being tested.,STRING,http://journals.plos.org/plosgenetics/article?id=10.1371/journal.pgen.0030161,Analysis
manifold_learning,Application of any class of non-linear dimensionality reduction methods to produce low dimensional representations of noisy high dimensional data,STRING,Sage Bionetworks,Analysis
methylation_quantitative_trait_loci_detection,A stretch of DNA at a particular chromosomal location that is able to regulate the methylation of DNA. Abbreviated mQTL or meQTL.,STRING,https://doi.org/10.1186/gb-2011-12-1-r10,Analysis
network_analysis,"A data transformation that takes as input data that describes biological networks in terms of the node (a.k.a. vertex) and edge graph elements and their characteristics and generates as output properties of the constituent nodes and edges, the sub-graphs, and the entire network.",STRING,http://purl.obolibrary.org/obo/OBI_0200080,Analysis
network_driver_detection,Identification of drivers of disease based on network analyses.,STRING,https://www.ncbi.nlm.nih.gov/pmc/articles/PMC4194029/,Analysis
outlier_detection,An observation in a data set that is numerically distant from the rest of the data.,STRING,http://ncicb.nci.nih.gov/xml/owl/EVS/Thesaurus.owl#C79083,Analysis
peak_calling,"An inferential statistical data analysis to identify protein-binding regions in a genome sequence from the data generated from a ChIP-sequencing or ChIP-chip experiment. When the protein is a transcription factor, the region is a transcription factor binding site (TFBS).",STRING,http://purl.obolibrary.org/obo/OBCS_0000167,Analysis
principal_component_analysis,Principal Component Analysis: Mathematical procedure that transforms a number of possibly correlated variables into a smaller number of uncorrelated variables called principal components.,STRING,http://purl.bioontology.org/ontology/MESH/D025341,Analysis
protein_quantitative_trait_loci_detection,A stretch of DNA at a particular chromosomal location that is able to regulate protein expression. Abbreviated pQTL.,STRING,https://doi.org/10.1371/journal.pgen.1000072,Analysis
purity,"A quantitative assessment of the homogeneity or uniformity of a mixture. Alternatively, purity refers to the degree of being free of contaminants or heterogeneous components",STRING,http://purl.obolibrary.org/obo/NCIT_C62352,Analysis
quality_control,A technique used to ensure a certain level of quality in a product or service.,STRING,http://purl.obolibrary.org/obo/ERO_0001219,Analysis
search_engine_output_files,These files contain the data and metadata generated by the software (called search engines) used for performing the identification and quantification of peptides and proteins.,STRING,https://web.archive.org/web/20191213022828/https://www.ebi.ac.uk/training/online/course/proteomexchange-submissions-pride/how-submit-data-proteomexchange-pride/proteomics-data-forma,Analysis
somatic_mutation_calling,Identification of de-novo mutations in somatic cells.,STRING,https://www.ncbi.nlm.nih.gov/pmc/articles/PMC4803342/,Analysis
statistical_network_reconstruction,Learning network relationships between genes based on their coexpression patterns.,STRING,http://bioontology.org/ontologies/BiomedicalResourceOntology.owl#Signaling_Network_Reconstruction,Analysis
structural_variation_detection,Detection of large regions in a genome subject to copy-number variation or other structural variations.,STRING,http://edamontology.org/operation_3228,Analysis
transcript_quantification,Quantification of the abundunce of specific gene expression transcript isoforms.,STRING,https://www.nature.com/articles/nbt.3519,Analysis
variancePartition,Identification of percentage variance explained of a dependent variable by multiple classes of independent variables.,STRING,https://www.ncbi.nlm.nih.gov/pmc/articles/PMC5123296/,Analysis
visualization,"Resource that provides access to tools for graphical, interactive, multimodal and multidimensional data and result visualization.",STRING,http://bioontology.org/ontologies/BiomedicalResourceOntology.owl#Visualization,Analysis
Affymetrix_Genome-Wide_Human_SNP_6.0_Array,,,,Assay
Affymetrix_Human_Gene_1.0_ST_Array,,,,Assay
Affymetrix_Human_Genome_U133_Plus_2.0_Array,,,,Assay
Affymetrix_U133AB,,,,Assay
DNALibraryConstruction,,,,Assay
Drop-Seq,,,,Assay
directionalBSseqLibrary,Indicates whether or not the bisulfiteSeq library is directional,,Sage Bionetworks,Assay
dnaBatchID,DNA isolation batch,,Sage Bionetworks,Assay
dnaBatchSize,The number of samples,,Sage Bionetworks,Assay
dnaBatchSizeUnit,The unit of measurement for number of samples in a batch,,Sage Bionetworks,Assay
isStranded,Whether or not the library is stranded.,STR,Sage Bionetworks,Assay
libraryBatchID,"Library batch identifier, provided by the data contributor to Sage Bionetworks. The batch identifier(s) must be stored in a data dictionary .csv file uploaded to Synapse",,Sage Bionetworks,Assay
libraryPrep,The general strategy by which the library was prepared,,Sage Bionetworks,Assay
libraryPreparationMethod,Method by which library was prepared,,Sage Bionetworks,Assay
libraryVersion,"Library Version: for example, rnaSeq 10x library version",,Sage Bionetworks,Assay
readLength,The length of the read,,Sage Bionetworks,Assay
readLengthUnits,The units of measurement.,,Sage Bionetworks,Assay
readStrandOrigin,The strand from which the read originates in a strand-specific protocol,,Sage Bionetworks,Assay
reagentCatalogNumber,"If the assay reagent is a commercial product, enter the vendor's catalog identifier. If the reagent is a custom preparation enter 'NA'. ",,"ImmPort,Sage Bionetworks",Assay
reagentContact,The contact information is particularly helpful when the reagent is not from a commercial vendor.,,"ImmPort,Sage Bionetworks",Assay
reagentID(s),"One or more identifiers, separated by a semicolon (;). The reagent identifier(s) must be stored in a data dictionary .csv file uploaded to Synapse",,"ImmPort,Sage Bionetworks",Assay
reagentLotNumber,The lot number is often provided by a reagent source when the reagent is replenished over time. ,,"ImmPort,Sage Bionetworks",Assay
reagentManufacturer,"The manufacturer is the source of a reagent and may include commercial vendors as well as non-commercial sources (e.g., collaborating labs)",,"ImmPort,Sage Bionetworks",Assay
reagentName,The reagent name is an alternative to the Reagent ID,,"ImmPort,Sage Bionetworks",Assay
reagentWeblink,An internet address that may provide details of an assay reagent.,,"ImmPort,Sage Bionetworks",Assay
referenceTranscriptID,The ID for the transcript/gene. Either the NCBI ID or the Ensembl ID must be provided,,Sage Bionetworks,Assay
rnaBatchID,"RNA isolation batch identifier, provided by the data contributor to Sage Bionetworks. The batch identifier(s) must be stored in a data dictionary .csv file uploaded to Synapse",,Sage Bionetworks,Assay
rnaBatchSize,The number of samples,,Sage Bionetworks,Assay
rnaBatchSizeUnit,The unit of measurement for number of samples in a batch,,Sage Bionetworks,Assay
runType,The type of run,,Sage Bionetworks,Assay
sequencingBatchID,"Sequencing batch identifier, provided by the data contributor to Sage Bionetworks. The batch identifier(s) must be stored in a data dictionary .csv file uploaded to Synapse",,Sage Bionetworks,Assay
sequencingBatchSize,The number of samples,,Sage Bionetworks,Assay
sequencingBatchSizeUnit,The unit of measurement for number of samples in a batch,,Sage Bionetworks,Assay
totalReads,Total number of sequencing reads from a library.,,Sage Bionetworks,Assay
acquisitionBatchID,"Acquisition batch identifier, provided by the data contributor to Sage Bionetworks. The batch identifier(s) must be stored in a data dictionary .csv file uploaded to Synapse",STRING,Sage Bionetworks,"Assay,Metadata"
acquisitionBatchSize,The number of samples,STRING,Sage Bionetworks,"Assay,Metadata"
acquisitionBatchSizeUnit,The unit of measurement for number of samples in a batch,STRING,Sage Bionetworks,"Assay,Metadata"
batchID,"ID used to identify a batch, provided by the data contributor to Sage Bionetworks. The batch identifier(s) must be stored in a data dictionary .csv file uploaded to Synapse",STRING,Sage Bionetworks,"Assay,Metadata"
batchLabel,Used to supply batch label information with any string value,STRING,http://purl.obolibrary.org/obo/MS_4000088,"Assay,Metadata"
platformLocation,"The name of the laboratory, facility, vendor, company, or location where the data generation platform was located, provided by the data contributor.,Provide a value OR provide one of these values:,Unknown,Not collected,Not applicable,Not specified",STRING,Sage Bionetworks,"Assay,Metadata"
processingBatchID,"Processing batch identifier, provided by the data contributor to Sage Bionetworks. The batch identifier(s) must be stored in a data dictionary .csv file uploaded to Synapse",STRING,Sage Bionetworks,"Assay,Metadata"
processingBatchSize,The number of samples,STRING,Sage Bionetworks,"Assay,Metadata"
processingBatchSizeUnit,The unit of measurement for number of samples in a batch,STRING,Sage Bionetworks,"Assay,Metadata"
sampleBatchID,"Sample batch lot identifier, provided by the data contributor to Sage Bionetworks. The batch identifier(s) must be stored in a data dictionary .csv file uploaded to Synapse",STRING,http://purl.obolibrary.org/obo/MS_1000053,"Assay,Metadata"
sampleBatchSize,The number of samples,STRING,Sage Bionetworks,"Assay,Metadata"
sampleBatchSizeUnit,The unit of measurement for number of samples in a batch,STRING,Sage Bionetworks,"Assay,Metadata"
technologyPlatformVersion,"The specific version (application, manufacturer, model, lab, etc.) of a technology that is used to carry out a laboratory or computational experiment. ,Provide a value OR provide one of these values:,Unknown,Not collected,Not applicable,Not specified",STRING,Sage Bionetworks,"Assay,Metadata"
ID_mapping,A file or table that maps data identifiers to one another for example to establish a link between two biological databases for the purposes of data integration.,,http://edamontology.org/operation_3282,BaseAnnotation
analysisType,Type of analysis,,sage.annotations-analysis.analysisType-0.0.14,BaseAnnotation
analytical_covariates,A file that contains a combination or subset of individual- or specimen-level covariates used for a particular analysis.,,Sage Bionetworks,BaseAnnotation
biospecimen,Metadata describing properties of specimens collected and/or analyzed in the study.,,Sage Bionetworks,BaseAnnotation
data_dictionary,Metadata describing terms or variables that appear in another file.,,Sage Bionetworks,BaseAnnotation
dataCoordinationCenter,Data coordination center,,sage.annotations-sageCommunity.consortium-0.0.5,BaseAnnotation
dataSubtype,"Further qualification of dataType, which may be used to indicate the state of processing of the data, aggregation of the data, or presence of metadata.",,sage.annotations-experimentalData.dataSubtype-0.0.3,BaseAnnotation
dataType,Types of input/output data in bioinformatics pipelines,,sage.annotations-experimentalData.dataType-0.0.3,BaseAnnotation
familyStudyParticipant,If the entity is a part of a family study,BOOLEAN,sage.annotations-sageCommunity.resourceType-0.0.5,BaseAnnotation
fileFormat,"Defined format of the data file, typically corresponding to extension, but sometimes indicating more general group of files produced by the same tool or software",,sage.annotations-sageCommunity.fileFormat-0.0.12,BaseAnnotation
grant,"Grant number including activity code, institute code, and serial number (e.g. U01MH103392)",,sage.annotations-neuro.grant-0.0.2,BaseAnnotation
individual,Metadata describing properties of individuals (human or animal) represented in the study.,,Sage Bionetworks,BaseAnnotation
isModelSystem,,,sage.annotations-neuro.isModelSystem-0.0.2,BaseAnnotation
isMultiSpecimen,Boolean flag indicating whether or not a file has data for multiple specimens. Use either True or False,,sage.annotations-experimentalData.isMultiSpecimen-0.0.2,BaseAnnotation
libraryType,"The type of library, in assays where samples are barcoded or hashed for multiplexing or each sample has multiple libraries amplified separately before pooled sequencing.",,sage.annotations-ngs.libraryType-0.0.3,BaseAnnotation
manifest,Metadata describing a list of files and the annotations terms associated with them.,,Sage Bionetworks,BaseAnnotation
metadata,"A file of clinical, technical, or other parameters that describe a dataset.",,,BaseAnnotation
metadataType,"For files of dataSubtype: metadata, a description of the type of metadata in the file.",,sage.annotations-experimentalData.metadataType-0.0.4,BaseAnnotation
modelSystemName,,,sage.annotations-neuro.modelSystemName-0.0.8,BaseAnnotation
modelSystemType,Type of model system.,,sage.annotations-experimentalData.modelSystemType-0.0.2,BaseAnnotation
platform,"The specific version (manufacturer, model, etc.) of a technology that is used to carry out a laboratory or computational experiment.",,sage.annotations-experimentalData.platform-0.0.26,BaseAnnotation
protocol,"A plan specification which has sufficient level of detail and quantitative information to communicate it between investigation agents, so that different investigation agents will reliably be able to independently reproduce the process.",,http://purl.obolibrary.org/obo/OBI_0000272,BaseAnnotation
resourceType,The type of resource being stored and annotated,,sage.annotations-sageCommunity.resourceType-0.0.5,BaseAnnotation
ILO,Integrative Longevity Omics,,,Consortium
LC,Longevity Consortium,,,Consortium
LG,Longevity Genomics,,,Consortium
LLFS,Long Life Family Study,,,Consortium
10x_Visium_Spatial_Gene_Expression,Instrument Model Name,,,Instrument
EnVision_2103_Multiplate_Reader,Instrument Model Name,,,Instrument
Exploris_240Exploris_480quadrupole_time-of-flight,Instrument Model Name,,,Instrument
FIA-MSMS,Instrument Model Name,,,Instrument
Illumina_1M,Instrument Model Name,,,Instrument
Illumina_Genome_Analyzer_IIx,Instrument Model Name,,,Instrument
Illumina_HiSeq_2000,Instrument Model Name,,,Instrument
Illumina_HiSeq_2500,Instrument Model Name,,,Instrument
Illumina_HiSeq_3000,Instrument Model Name,,,Instrument
Illumina_HiSeq_4000,Instrument Model Name,,,Instrument
Illumina_HiSeq_X,Instrument Model Name,,,Instrument
Illumina_Human660W-Quad_v1.0_BeadChip,Instrument Model Name,,,Instrument
Illumina_HumanHap300,Instrument Model Name,,,Instrument
Illumina_HumanMethylation450,Instrument Model Name,,,Instrument
Illumina_HumanOmni1-Quadv1.0,Instrument Model Name,,,Instrument
Illumina_HumanOmniExpress-24_v1.0_BeadChip,Instrument Model Name,,,Instrument
Illumina_HumanOmniExpress-24_v1.2_BeadChip,Instrument Model Name,,,Instrument
Illumina_Infinium_MethylationEPIC_BeadChip_v1.0_(850k),Instrument Model Name,,,Instrument
Illumina_Infinium_MethylationEPIC_BeadChip_v2.0_(935k)Illumina_MiSeq,Instrument Model Name,,,Instrument
Illumina_MouseWG-6_v2.0_expression_BeadChip,Instrument Model Name,,,Instrument
Illumina_NextSeq_1000,Instrument Model Name,,,Instrument
Illumina_NextSeq_2000,Instrument Model Name,,,Instrument
Illumina_NextSeq_500,Instrument Model Name,,,Instrument
Illumina_NextSeq_550,Instrument Model Name,,,Instrument
Illumina_NovaSeq_6000,Instrument Model Name,,,Instrument
Illumina_Omni2pt5M,Instrument Model Name,,,Instrument
Illumina_Omni5M,Instrument Model Name,,,Instrument
Illumina_WholeGenome_DASL,Instrument Model Name,,,Instrument
Illumina_h650,Instrument Model Name,,,Instrument
American_Indian_or_Alaska_Native,,,,Metadata
Asian,,,,Metadata
Black_or_African_American,,,,Metadata
Female,,,,Metadata
Multiracial,,,,Metadata
Native_Hawaiian_or_Other_Pacific_Islander,,,,Metadata
Not_Hispanic_or_latino,,,,Metadata
Other_race,,,,Metadata
Prefer_not_to_answer,,,,Metadata
White,Related to demographics,,,Metadata
acquisitionMode,"The specific aspect of a mass spectrometer method by which mass ranges are selected and possibly dissociated (full scan, MSn, SIM, MRM, etc.).,Provide a value OR provide one of these values:,Unknown,Not collected,Not applicable,Not specified",STRING,https://www.ebi.ac.uk/ols/ontologies/ms/termsiri=http%3A%2F%2Fpurl.obolibrary.org%2Fobo%2FMS_1003213,Metadata
acquisitionSoftware,"The name of the acquisition software used.,Provide a value OR provide one of these values:,Unknown,Not collected,Not applicable,Not specified",STRING,http://purl.obolibrary.org/obo/MS_1001455,Metadata
acquistionSoftwareVersion,"The version number of software used.,Provide a value OR provide one of these values:,Unknown,Not collected,Not applicable,Not specified",NUMBER,Sage Bionetworks,Metadata
age,"Age of the individual (age in years of the individual at first recorded study event (enrollment, visit, observation, sample collection, survey completion, etc.)",,Sage Bionetworks,Metadata
assay,The analysis or technology used to generate the data in this file,,Sage Bionetworks,Metadata
batchSize,The number of samples,NUMBER,Sage Bionetworks,Metadata
batchSizeUnit,The unit of measurement for number of samples in a batch,STRING,Sage Bionetworks,Metadata
captivityDuration,"The duration of captivity in months for the individuals in captivity (formatted in months, ex. 72 months). note: Applicable only to animals with captivity status captive.",,"-The%20duration%20of,captivity%20duration,https://www.animalaudiograms.org/audiogram_metadata_scheme#:~:text=species%20are%20possible.-",Metadata
captivityStatus,"The status of the individual with regard to captivity. note: Wild, captive, and stranded values are applicable, especially for marine mammals. Depending on life stage terminology for individual species, other are possible. Please let the data curation team know.",,"-The%20status%20of,captivity%20status,https://www.animalaudiograms.org/audiogram_metadata_scheme#:~:text=of%20the%20animal.-",Metadata
cohort,Name of the cohort the individual belongs to,,Sage Bionetworks,Metadata
commonName,"The biological species common name the individual belongs to (ex. ""Horned Lark"").note: As a default, the valid scientific name for the species should be indicated. ",,https://www.ebi.ac.uk/ols4/ontologies/edam/terms?iri=http%3A%2F%2Fedamontology.org%2Fdata_1874,Metadata
consentGroup,"Indicate the consent group for the individual, provided by the data contributor's data dictionary",,Sage Bionetworks,Metadata
consentGroupID,"Indicate the consent group for the individual, provided by the data contributor's data dictionary",,Sage Bionetworks,Metadata
consortium,"Unique identifier for the consortium, assigned by the contributor",,Sage Bionetworks,Metadata
controlType,"Control samples suitable for normalization and batch correction.,Possible example values:,GIS,GoldenWest,NIST SRM 1950,AIBL pool, ,Baker pool, ,water plus Baker ISTD,study pool,internal standards,Other,Unknown,Not collected,Not applicable,Not specified",STRING,https://doi.org/10.1101/2020.05.19.105197https://doi.org/10.1038/sdata.2017.140https://www-s.nist.gov/srmors/view_detail.cfmsrm=1950Sage BionetworksDSLWG,Metadata
countryCode,"Indicate the geographic region for the individual (shown as ex. ""840"")",,https://wits.worldbank.org/countryprofile/metadata/en/country/all,Metadata
dataFile,"Name of additional file(s) accompanying the data. The file(s) provide, for example, the name of any raw files generated by the instrument, generated reports from a vendor, an Rscript, or an instructions document. The files can be instrument raw files, converted peak lists such as mzML, MGF, or result files like mzIdentML. The files can be additional documentation submitted alongside the data needed for reuse and sharing purposes.,Provide the file names of any additional files submitted alongside the data (ex., an ADAT file). Multiple file names can be separated by (;),Provide a value OR provide one of these values:,Unknown,Not collected,Not applicable,Not specified,Name of additional file(s) accompanying the data. The file(s) provide, for example, the name of any raw files generated by the instrument, generated reports from a vendor, an Rscript, or an instructions document. The files can be instrument raw files, converted peak lists such as mzML, MGF, or result files like mzIdentML. The files can be additional documentation submitted alongside the data needed for reuse and sharing purposes.,,Provide the file names of any additional files submitted alongside the data.",STRING,Proteomics Sample Metadata,Metadata
databaseName,"The name of the search database (nr, SwissProt or est_human, and/or mass spectral library).,Provide a value OR provide one of these values:,Unknown,Not collected,Not applicable,Not specified",STRING,http://purl.obolibrary.org/obo/MS_1001013,Metadata
databaseSource,"The name of the organization, project, or laboratory from where the database is obtained (UniProt, NCBI, EBI, other).",STRING,http://purl.obolibrary.org/obo/MS_1001012,Metadata
databaseWeblink,"An internet address that may provide details of a database or software search, as well as for labs that generate their own search method (web link).,Provide a value OR provide one of these values:,Unknown,Not collected,Not applicable,Not specified",STRING,"DSLWG,Sage Bionetworks",Metadata
diagnosis,Indicate the disease or condition.,,LLFS data dictionary,Metadata
diagnosisStatus,"Whether the individual has been diagnosed with a condition or disease (physical and/or cognitive), ""True"" indicates the individual has been diagnosed",,Sage Bionetworks,Metadata
digestionReagent,"Enzymes or reagents used for digestion. ,",STRING,,Metadata
enrichment,"Protocol or reagent used for enrichment (ex. Fe3+NTA-Agarose (Qiagen),Provide a value OR provide one of these values:,Unknown,Not collected,Not applicable,Not specified",STRING,,Metadata
enrichmentStrategy,"Type of peptide or protein enrichment,",STRING,,Metadata
ethnicGroupCode,"A coded value specifying the self-declared ethnic origination independent of racial origination, provided by the data contributor's data dictionary",,https://ncithesaurus.nci.nih.gov/ncitbrowser/pages/concept_details.jsfdictionary=NCI_Thesaurus&version=23.04d&code=C93563&ns=ncit&type=properties&key=1040179992&b=1&n=0&vse=null,Metadata
ethnicity,Ethnicity of individual,,"Sage Bionetworks,https://www.synapse.org/#!Synapse:syn25878249",Metadata
experiementalBatchSize,The number of samples ,NUMBER,Sage Bionetworks,Metadata
experiementalBatchSizeUnit,The unit of measurement for number of samples in a experimental batch,STRING,Sage Bionetworks,Metadata
experimentType,"The type of experiment used.,Provide a value OR provide one of these values:,Unknown,Not collected,Not applicable,Not specified",STRING,,Metadata
extractionMethod,"The name of the process used to separate a desired component of an input material from the remainder.,Provide a value OR provide one of these values:,Unknown,Not collected,Not applicable,Not specified",STRING,http://purl.obolibrary.org/obo/OBI_0302884,Metadata
fieldCenterCode,Name of the field center ,,Sage Bionetworks,Metadata
gasFlowTemperature,"e.g., nebulization gas, cone gas, etc.,Unit of measure: ,C,F,K,Not specified",NUMBER,"Proposed minimum metadata relative to mass spectrometry ,Sage Bionetworks",Metadata
gasFlowTemperatureUnit,Unit of gas flow temperature,STRING,"Proposed minimum metadata relative to mass spectrometry ,Sage Bionetworks",Metadata
hasAssayControl,"Boolean flag indicating whether or not a specimen is a technical or assay control. Examples include study pools or reference pools, blanks, or internal standards.",BOOLEAN,Sage Bionetworks,Metadata
hasIonizationSource?,Were the ionization conditions recorded to enable reproduction of the experiment?,BOOLEAN,,Metadata
individualID,"Identifying string linked to the individual or animal being studied, provided by the data contributor",,Sage Bionetworks,Metadata
instrumentModel,"The model of the instrument used.,Provide a value OR provide one of these values:,Unknown,Not collected,Not applicable,Not specified",STRING,,Metadata
ionProperty,Ion charge state (positive or negative-ion analysis),STRING,"Proposed minimum metadata relative to mass spectrometry ,Sage Bionetworks",Metadata
isGovernanceFolder,Used to help governance to find folder to apply access restrictions,BOOLEAN,,Metadata
isobaricLabelingReagent,"Reagent set used for isobaric labeling.,Examples:,iTRAQ113,TMT126,,Provide a value OR provide one of these values:,Unknown,Not collected,Not applicable,Not specified",STRING,,Metadata
labelFreeQuantitation,"Type of label-free data analysis strategy ,Provide a value OR provide one of these values:,Unknown,Not collected,Not applicable,Not specified",STRING,,Metadata
labelQuantitation,"Type of labeling used ,Provide a value OR provide one of these values:,Unknown,Not collected,Not applicable,Not specified",STRING,,Metadata
lensVoltages,"The skimmer/focusing lens voltages e.g., capillary voltage, etc.",NUMBER,"Proposed minimum metadata relative to mass spectrometry ,Sage Bionetworks",Metadata
lensVoltagesUnit,Unit of lens voltages,STRING,"Proposed minimum metadata relative to mass spectrometry ,Sage Bionetworks",Metadata
lifeStage,The life stage of the individual. note: Other are possible depending on life stage terminology for individual species. Please let the data curation team know.,,"-The%20life%20stage,Biological Collections Ontology,https://www.animalaudiograms.org/audiogram_metadata_scheme#:~:text=range%3A%20female%3B%20male-,https://www.ebi.ac.uk/ols/ontologies/pato,life%20stage",Metadata
measurementTechnique,"The name of the measurement technique describing the assay method.,Provide a value OR provide one of these values:,Unknown,Not collected,Not applicable,Not specified",STRING,,Metadata
msAnalyteType,"The type of biospecimen subjected to analysis (ex., peptide, protein, metabolite, lipid),Provide a value OR provide one of these values:,Unknown,Not collected,Not applicable,Not specified",STRING,http://purl.obolibrary.org/obo/NCIT_C156434,Metadata
msAnalyzerTypeMS1,"Describes the mass spectrometer analyzer used to read out parent ions (quadrupole, ion-trap, time-of-flight, FT-ICR, including combinations of these for hybrid instruments)",STRING,"Proposed minimum metadata relative to mass spectrometry ,Sage Bionetworks",Metadata
msAnalyzerTypeMS2,"Describes the mass spectrometer analyzer used to read out fragment ions(quadrupole, ion-trap, time-of-flight, FT-ICR, including combinations of these for hybrid instruments)",STRING,"Proposed minimum metadata relative to mass spectrometry ,Sage Bionetworks",Metadata
msAssayTechnique,"Specified the mass spectrometer technique used or the name of the proteomics assay used (ex. DDA),Provide a value OR provide one of these values:,Unknown,Not collected,Not applicable,Not specified",STRING,"DSLWG,Sage Bionetworks",Metadata
msTarget,Specifies whether or not a specific molecule(s) is/are targeted for detection/measurement by the assay,STRING,Sage Bionetworks,Metadata
organ,Indicate the organ the specimen is from,,http://purl.obolibrary.org/obo/NCIT_C13018,Metadata
quantationStrategy,"The general strategy used for differential analysis,Example:,Absolute quantitation analysis,Isobaric label quantitation analysis,LC-MS label-free quantitation analysis,,Provide a value OR provide one of these values:,Unknown,Not collected,Not applicable,Not specified",STRING,,Metadata
race,Race of individual,,"Sage Bionetworks,https://jamanetwork.com/pages/inclusive-language,https://thesaurus.cancer.gov/ncitbrowser/pages/home.jsfversion=23.04d,https://www.synapse.org/#!Synapse:syn25878249",Metadata
sampleIntroduction,"The sample introduction and delivery. From GC, from LC, direct infusion without chromatography, direct infusion using dedicated autosampler flow rate. ,Provide a value OR provide one of these values:,Unknown,Not collected,Not applicable,Not specified",STRING,"Proposed minimum metadata relative to mass spectrometry  ,Sage Bionetworks",Metadata
samplePrepProtocol,"An internet address that may provide more details of the protocol information (web link).,Provide a value OR provide one of these values:,Unknown,Not collected,Not applicable,Not specified",STRING,Sage Bionetworks,Metadata
sampleType,"The type of sample collected or the term used to describe the source of a biospecimen used for a laboratory test.,Provide a value OR provide one of these values:,Unknown,Not collected,Not applicable,Not specified",STRING,"ImmPort,Sage Bionetworks",Metadata
samplingAge,"The calculated age of the sample, measurement is determined or coded by the data contributor. ",,Sage Bionetworks,Metadata
sex,The biological sex of the individual,,"Sage Bionetworks,https://www.synapse.org/#!Synapse:syn25878249",Metadata
speciesAge,"Age of individual (formatted in months, ex. ""72 months""). note: Uncertainty about the age might require recording age by specifying a lower and upper estimate in months for the age of the animal.",,"-The%20age%20of,Sage Bionetworks,age,https://www.animalaudiograms.org/audiogram_metadata_scheme#:~:text=species%20are%20possible.-",Metadata
speciesGroup,The taxonomic ranking including both species and subspecies the individual belongs to.,,https://ontobee.org/ontology/NCITiri=http://purl.obolibrary.org/obo/NCIT_C62690https://www.ebi.ac.uk/ols/ontologies/edam/termsiri=http%3A%2F%2Fedamontology.org%2Fdata_1045,Metadata
speciesName,"The scientific name of the species (typically a taxonomic group, ex. ""Eremophila alpestris"") the individual belongs to.",,https://www.ebi.ac.uk/ols4/ontologies/edam/terms?iri=http%3A%2F%2Fedamontology.org%2Fdata_1045,Metadata
specimenAge,The subject's age at the time of specimen extraction is the individual's age (since birth) at the time a given specimen was extracted. Measured as age in years.,,Sage Bionetworks,Metadata
specimenID,"Identifying string linked to a particular sample or specimen, provided by the data contributor",STRING,Sage Bionetworks,Metadata
spectrometerFrequency,The frequency at which a spectrometer causes hydrogen atoms to resonate (in MHz),NUMBER,Sage Bionetworks,Metadata
taxon,"Taxonomic identifier. The National Center for Biotechnology Information taxon ID (formatted as, ex. ""txid9989"")",,"http://edamontology.org/data_1179,http://purl.obolibrary.org/obo/TAXRANK_0000010,https://www.ncbi.nlm.nih.gov/taxonomy",Metadata
tissue,Indicate the tissue the specimen is from,,http://purl.obolibrary.org/obo/NCIT_C12801,Metadata
vacuumPressure,The recorded vacuum pressure value,NUMBER,"Proposed minimum metadata relative to mass spectrometry ,Sage Bionetworks",Metadata
vacuumPressureUnit,Unit of vacuum pressure value,STRING,"Proposed minimum metadata relative to mass spectrometry ,Sage Bionetworks",Metadata
visitCode,"Indicate which longitudinal visit for the individual the data comes from, provided by the data contributor's data dictionary",,Sage Bionetworks,Metadata
Bird,,,,Model Organism
Human,,,,Model Organism
Rodent,,,,Model Organism
CCF-BSO,The Common Coordinate Framework Biological Structure Ontology,,https://github.com/hubmapconsortium/ccf-ontology/blob/develop/ccf-bso.owl,Ontology
Genbank,External ontology used for populating values,,,Ontology
HPO,Human phenotype ontology,,,Ontology
Human_Reference_Atlas_values,External ontology used for populating values,,,Ontology
MAXO,Medical Action Ontology,,,Ontology
NCBI_taxonomy_values,External ontology used for populating values,,,Ontology
NCI_values,External ontology used for populating values,,,Ontology
World_Bank_country_codes,External ontology used for populating values,,https://wits.worldbank.org/countryprofile/metadata/en/country/all,Ontology
Label_freeLabelQuantiation,"When labelFreeQuantitation = `other`, add your custom value to the cell",STRING,,Other
Not_Specified,,,,Other
Not_applicable,When the attribute does not apply to the observation,,,Other
Not_available,When the value is not available,,,Other
Not_collected,Variable was purposely not collected,,,Other
Other,,,,Other
OtherAcquisitionBatchSizeUnit,"If ""other"" list units of measure",,,Other
OtherBatchSizeUnit,"If ""other"" list the unit of measure",,Sage Bionetworks,Other
OtherCleavageAgents,"If ""other"" is selected, list the enzyme name. ",,Sage Bionetworks,Other
OtherControlType,"If ""other"" specify the control type",,Sage Bionetworks,Other
OtherConversionRatioUnits,,,,Other
OtherDataFile,"When DataFile = `other`, add your custom value to the cell",STRING,,Other
OtherDatabaseName,"If ""other"" list the name of the search database",,Sage Bionetworks,Other
OtherDatabaseSource,"If ""other"" list the name of the database source",,Sage Bionetworks,Other
OtherDigestionMethod,"If ""other"" list the type of digestion",,Sage Bionetworks,Other
OtherDnaBatchSizeUnit,"If ""other"" list unit of measure",,Sage Bionetworks,Other
OtherExperiementalBatchSizeUnit,,,,Other
OtherExperimentalBatchSizeUnit,"If ""other"" list units of measure",,,Other
OtherExtractionMethod,"If ""other"" list the name of the extraction method",,Sage Bionetworks,Other
OtherLabelFreeQuantitation,"When LabelFreeQuantitation = `other`, add your custom value to the cell",STRING,,Other
OtherLensVoltageUnits,"If ""other"" provide the unit of measure",,Sage Bionetworks,Other
OtherLensVoltagesUnit,,,,Other
OtherLibraryPrep,"If ""other"" list the name of the general strategy used to prepare the library",,Sage Bionetworks,Other
OtherLibraryPreparationMethod,"If ""other"" list the name of the library preparation methods",,Sage Bionetworks,Other
OtherLibraryVersion,"If ""other"" list the name of the library version",,Sage Bionetworks,Other
OtherMeasurementTechnique,"When MeasurementTechnique = `other`, add your custom value to the cell",STRING,,Other
OtherMetabolomics_HumanmeasurementTechnique,"If ""other"" is selected list the name of the measurement technique used",,Sage Bionetworks,Other
OtherModificationParameters,"If ""other"" is selected, list the custom modification name. We recommend using an intuitive name",,Sage Bionetworks,Other
OtherMsAnalyteType,"If ""other"" list the type of analyte ",,Sage Bionetworks,Other
OtherMsAnalyzerTypeMS1,"If ""other"" is selected list the name of the mass spectrometer analyzer used",,Sage Bionetworks,Other
OtherMsAnalyzerTypeMS2,"If ""other"" is selected list the name of the mass spectrometer analyzer used",,Sage Bionetworks,Other
OtherMsAssayTechnique,"If ""other"" is selected list the name of the mass spectrometer technique used or the name of the proteomics assay used",,Sage Bionetworks,Other
OtherMsInstrumentModel,"If ""other"" is selected list the name of the instrument model",,Sage Bionetworks,Other
OtherPlatformLocation,"If ""other"" list the name of the platform location",,Sage Bionetworks,Other
OtherProcessingBatchSizeUnit,"If ""other"" list units of measure",,Sage Bionetworks,Other
OtherProteomics_digestionReagent,"When DigestionReagent = `other`, add your custom value to the cell",STRING,,Other
OtherProteomicsAssayType,"If ""other"" is selected list the name of the type of peptide quantification used",,Sage Bionetworks,Other
OtherReadLengthUnits,"If ""other"" provide the unit of measure",,Sage Bionetworks,Other
OtherRepositoryName,"If ""other"" list the name of the repository",,Sage Bionetworks,Other
OtherRnaBatchSizeUnit,"If ""other"" list unit of measure",,Sage Bionetworks,Other
OtherSampleBatchSizeUnit,"If ""other"" list the unit of measure",,Sage Bionetworks,Other
OtherSampleIntdocution,"If ""other"" list the name of the sample introduction",,Sage Bionetworks,Other
OtherSequencingBatchSizeUnit,"If ""other"" list unit of measure",,Sage Bionetworks,Other
OtherTechnologyPlatformVersion,"If ""other"" list the name of the platform version",,Sage Bionetworks,Other
OtherTranscriptType,"If ""other"" list the transcript type",,Sage Bionetworks,Other
OtherVaccumPressureUnits,"If ""other"" provide the unit of measure",,Sage Bionetworks,Other
OtherVacuumPressureUnit,,,,Other
OtherYesHasIonizationSource,,,,Other
Unknown,,,,Other
YesHasIonizationSource?,"When ionProperty = `other`, add your custom value to the cell,",STRING,,Other
specifyAcquisitionBatchSizeUnits,"If ""other"" list units of measure",STRING,Sage Bionetworks,Other
specifyBatchSizeUnits,"If ""other"" list the unit of measure",STRING,Sage Bionetworks,Other
specifyControlType,"If ""other"" specify the control type",STRING,Sage Bionetworks,Other
specifyConversionRatioUnit,Value is determined by the data contributor,STRING,Sage Bionetworks,Other
specifyDNABatchSizeUnit,Value is determined by the data contributor,STRING,Sage Bionetworks,Other
specifyDatabaseName,"If ""other"" list the name of the search database",STRING,Sage Bionetworks,Other
specifyDatabaseSource,"If ""other"" list the name of the database source",STRING,Sage Bionetworks,Other
specifyDigestionMethod,Value is determined by the data contributor,STRING,Sage Bionetworks,Other
specifyDigestionReagent,"If ""other"" is selected specify the name of the enzyme",STRING,,Other
specifyEnrichmentMethod,Value is determined by the data contributor,STRING,Sage Bionetworks,Other
specifyEnrichmentStrategy,"If ""other"" is selected specify the name",STRING,,Other
specifyExperimentalBatchSizeUnits,"If ""other"" list units of measure",STRING,Sage Bionetworks,Other
specifyExtractionMethod,Value is determined by the data contributor,STRING,Sage Bionetworks,Other
specifyLabelFreeQuantitation,"If ""other"" is selected please specify",STRING,,Other
specifyLensVoltageUnits,"If ""other"" provide the unit of measure",STRING,Sage Bionetworks,Other
specifyLibraryPrep,Value is determined by the data contributor,STRING,Sage Bionetworks,Other
specifyLibraryPreparationMethod,Value is determined by the data contributor,STRING,Sage Bionetworks,Other
specifyLibraryVersion,Value is determined by the data contributor,STRING,Sage Bionetworks,Other
specifyMSAnalyteType,"If ""other"" list the type of analyte ",STRING,Sage Bionetworks,Other
specifyMSAnalyzerTypeMS1,"If ""other"" is selected list the name of the mass spectrometer analyzer used",STRING,Sage Bionetworks,Other
specifyMSAnalyzerTypeMS2,"If ""other"" is selected list the name of the mass spectrometer analyzer used",STRING,Sage Bionetworks,Other
specifyMSAssayTechnique,"If ""other"" is selected list the name of the mass spectrometer technique used or the name of the proteomics assay used",STRING,Sage Bionetworks,Other
specifyMSInstrumentModel,"If ""other"" is selected list the name of the instrument model",STRING,Sage Bionetworks,Other
specifyMeasurementTechnique,"If ""other"" is selected list the name of the measurement technique used",STRING,Sage Bionetworks,Other
specifyOtherCleavageAgent,Value is determined by the data contributor,STRING,Sage Bionetworks,Other
specifyOtherDataFile,"If ""other"" is selected, list the name of the data file. ",STRING,,Other
specifyOtherModificationParameters,Value is determined by the data contributor,STRING,Sage Bionetworks,Other
specifyPlatformLocation,"If ""other"" list the name of the platform location",STRING,Sage Bionetworks,Other
specifyPlatformVersion,"If ""other"" list the name of the platform version",STRING,Sage Bionetworks,Other
specifyProcessingBatchSizeUnit,"If ""other"" list units of measure",STRING,Sage Bionetworks,Other
specifyProteomicsAssayType,Value is determined by the data contributor,STRING,Sage Bionetworks,Other
specifyRNABatchSizeUnit,Value is determined by the data contributor,STRING,Sage Bionetworks,Other
specifyReadLengthUnits,Value is determined by the data contributor,STRING,Sage Bionetworks,Other
specifyRepositoryName,Value is determined by the data contributor,STRING,Sage Bionetworks,Other
specifySampleBatchSizeUnits,"If ""other"" list the unit of measure",STRING,Sage Bionetworks,Other
specifySampleIntroduction,"If ""other"" list the name of the sample introduction",STRING,Sage Bionetworks,Other
specifySampleType,"If ""other"" is selected list the type of sample",STRING,Sage Bionetworks,Other
specifySequencingBatchSizeUnit,Value is determined by the data contributor,STRING,Sage Bionetworks,Other
specifyTranscriptType,Value is determined by the data contributor,STRING,Sage Bionetworks,Other
specifyVacuumPressueUnits,"If ""other"" provide the unit of measure",STRING,Sage Bionetworks,Other
OLS,Ontology Lookup Service. Repository containing biological ontologies,,https://www.ebi.ac.uk/ols4/ontologies,Repository
Amniotic_Fluid,,,,SampleType
Appendix,,,,SampleType
B_cell,,,,SampleType
Basophils,,,,SampleType
Bone,,,,SampleType
Bone_Marrow,,,,SampleType
Brachial_lymph_node,,,,SampleType
Breast_Milk,,,,SampleType
Bronchoalveolar_Lavage_Fluid,,,,SampleType
Carbohydrate,,,,SampleType
Cell_culture_supernatant,,,,SampleType
Cerebrospinal_Fluid,,,,SampleType
Cervical_lymph_nodes,,,,SampleType
Colon,,,,SampleType
Colonic_Lamina_Propria,,,,SampleType
Convalescent_Plasma,,,,SampleType
Cord_blood,,,,SampleType
DNA,,,,SampleType
Dendritic_cell,,,,SampleType
Dermis,,,,SampleType
Dried_Blood_Spot,,,,SampleType
Endotracheal_aspirate,,,,SampleType
Epithelium,,,,SampleType
Feces,,,,SampleType
Fibroblast,,,,SampleType
Gastric_lamina_propria,,,,SampleType
Ileum,,,,SampleType
Inguinal_lymph_node,,,,SampleType
Jejunum,,,,SampleType
Kidney,,,,SampleType
Leukocytes,,,,SampleType
Lipid,,,,SampleType
Liver,,,,SampleType
Lung,,,,SampleType
Lung_lymph_node,,,,SampleType
Lymph_node,,,,SampleType
Lymphocyte,,,,SampleType
Macrophage,,,,SampleType
Mesenteric_lymph_node,,,,SampleType
Monocyte,,,,SampleType
Mouse_Ear,,,,SampleType
NK_cell,,,,SampleType
Nasal_Swab,,,,SampleType
Nasal_Swab_or_Nose_Specimen,,,,SampleType
Nasal_lavage_fluid,,,,SampleType
Nasopharyngeal_Swab_Specimen,,,,SampleType
Neutrophil,,,,SampleType
Optic_Nerve,,,,SampleType
Organoids,,,,SampleType
Oropharyngeal_Swab_Specimen,,,,SampleType
Osteoblasts,,,,SampleType
OtherSampleType,"If ""other"" is selected list the type of sample",,Sage Bionetworks,SampleType
PBL,,,,SampleType
PBMC,,,,SampleType
Pancreas,,,,SampleType
Pancreatic_Stellate_Cells,,,,SampleType
Placenta,,,,SampleType
Plasma,,,,SampleType
Pooled_Sample,,,,SampleType
Popliteal_lymph_node,,,,SampleType
Positive_Control,,,,SampleType
Protein,,,,SampleType
Rectal_Swab_Specimen,,,,SampleType
Red_Blood_Cell,,,,SampleType
Saliva,,,,SampleType
Salivary_Glands,,,,SampleType
Serum,,,,SampleType
Skin_of_body,,,,SampleType
Small_intestine,,,,SampleType
Spleen,,,,SampleType
Sputum,,,,SampleType
Stomach,,,,SampleType
Synovial_fluid,,,,SampleType
Synovial_tissue,,,,SampleType
T_cell,,,,SampleType
Thymus,,,,SampleType
Tonsil,,,,SampleType
Trachea,,,,SampleType
Tumor_Tissue,,,,SampleType
Umbilical_cord_blood,,,,SampleType
Urinary_bladder,,,,SampleType
Urine,,,,SampleType
Vagina,,,,SampleType
Whole_blood,,,,SampleType
blood,,,,SampleType
brain,,,,SampleType
cell_line,,,,SampleType
portal,Name of the portal the data is hosted in,,,SampleType
Biospecimen_human,Metadata template used for contributing metadata to the ELITE portal,,,Template
Biospecimen_nonHuman,Metadata template used for contributing metadata to the ELITE portal,,,Template
ComputationalTools,Template used to curate computational tools used by researchers,,Sage Bionetworks,Template
Individual_Human,Template used for contributing metadata to the ELITE portal,,,Template
Individual_nonHuman,Template used for contributing metadata to the ELITE portal,,,Template
Metabolomics,Template used for contributing metadata to the ELITE portal,,,Template
Microbiome,Template used for contributing metadata to the ELITE portal,,,Template
RNAseq,Template used for contributing metadata to the ELITE portal,,,Template
Whole_Genome_Sequencing,Template used for contributing WGS metadata to the ELITE portal,,,Template
bsSeq,Template used for contributing metadata to the ELITE portal for bisulfite-seq WGBS methylseq methylomics,,,Template
file_annotation_template,AD file annotation template schema,,sysbio.metadataTemplates-ad.manifest,Template
genotyping_assay,Template used for contributing metadata to the ELITE portal,,,Template
proteomics,Template used for contributing metadata to the ELITE portal,,,Template
scRNAseq,Template used for contributing metadata to the ELITE portal,,,Template
DCC,Name of the Data Coordination Center,STR,,Tool
contributor,"Name of the contributor(s) associated with the software tool. If there are multiple people, separate them with a comma. ",STR,,Tool
displayName,Name to be displayed on the portal,STR,,Tool
documentation,Supporting documents related to the tool,STR,,Tool
name,Name of the tool,STR,,Tool
softwareType,Type of application ,STR,,Tool
specifySoftwareType,"If ""OtherSoftwareType"" is selected under software type. Freeform text that can be added by the contributor",STR,,Tool
summary,Description of the tool. ,STR,,Tool
url,hyperlink to the tool,STR,,Tool
Days,,NUMERIC,,Unit
Hours,,NUMERIC,,Unit
Months,,NUMERIC,,Unit
g_dl,,NUMERIC,,Unit
cellType,Indicate the cell type. ,,,Unlabeled
cleavageAgents,Name(s) of the enzyme used,STRING,Proteomics Sample Metadata,Unlabeled
conversionRatio,The ratio or % detailing how well the bisulfite conversion worked,,Sage Bionetworks,Unlabeled
conversionRatioUnits,The units of measurement.,,Sage Bionetworks,Unlabeled
dataGenerationSite,The place where data from a particular specimen was generated.,,Sage Bionetworks,Unlabeled
digestionMethod,"The type of digestion - in-solution, in-gel, etc. (ex. ""in-gel digestion"")",STRING,"DSLWG,Sage Bionetworks",Unlabeled
enrichmentMethod,The method used for performing an enrichment of specific regions by a restriction enzyme digest,,Sage Bionetworks,Unlabeled
fastingState,Was individual fasting when the sample was taken (true/false),,Sage Bionetworks,Unlabeled
fractionIdentifier,"Identifier string that describes the sample fraction. This identifier should contain the fraction number(s) or similar information. (It MUST start from 1; if the experiment is not fractionated, 1 MUST be used for each MSRun (assay).","NUMBER,STRING","MS Ontology,Sage Bionetworks,The Proteomics Sample Metadata Project",Unlabeled
fragmentMassTolerance,"Units of measure are Da or ppm (ex. ""0.6 Da"" or ""20 ppm"")",STRING,Proteomics Sample Metadata,Unlabeled
gDNAconc,gDNA Concentration in ng,,Sage Bionetworks,Unlabeled
hasIonizationSource,Were the ionization conditions recorded to enable reproduction of the experiment,,"Proposed minimum metadata relative to mass spectrometry ,Sage Bionetworks",Unlabeled
isPostMortem,Was the sample taken after death (true/false),,Sage Bionetworks,Unlabeled
laboratoryProcedure,Procedure by which the Specimen was derived from Parent Specimen (if applicable),,Sage Bionetworks,Unlabeled
lambdaDNAconc,Lambda DNA spike-in concentration in ng,,Sage Bionetworks,Unlabeled
meanCoverage,Total number of bases covered by ATAC-seq reads/size of genome,,Sage Bionetworks,Unlabeled
modificationParameters,Modification parameters for the search engine run. [ PSI: PI http://www.w3.org/2002/07/owl#Axiom ],STRING,https://www.ebi.ac.uk/ols/ontologies/ms/termsiri=http%3A%2F%2Fpurl.obolibrary.org%2Fobo%2FMS_1001055,Unlabeled
msInstrumentModel,The model of the mass spectrometer  used,,"Proposed minimum metadata relative to mass spectrometry  ,Sage Bionetworks",Unlabeled
nucleicAcidSource,"Specifies the type of nucleic acid (DNA, RNA, Pooled, etc.) found in a sample.",,https://ncithesaurus.nci.nih.gov/ncitbrowser/ConceptReport.jspdictionary=NCI_Thesaurus&version=23.04d&ns=ncit&code=C171278&key=1146649015&b=1&n=1,Unlabeled
parentSpecimenID,"Unique identifier for the direct Parent from which the Specimen was derived, processed, pooled, etc. (if applicable)",,Sage Bionetworks,Unlabeled
parentSpecimenType,Type of biological material comprising the Parent Specimen (if applicable),,Sage Bionetworks,Unlabeled
pcrCycles,Number of PCR cycles to amplify transposased DNA fragments,,Sage Bionetworks,Unlabeled
precursorMassTolerance,"Units of measure are Da or ppm (ex. ""0.6 Da"" or ""20 ppm"")",STRING,Proteomics Sample Metadata,Unlabeled
protoemicsAssayType,Type of peptide quantification used (ex. Label Free),,"DSLWG,Sage Bionetworks,https://www.ebi.ac.uk/ols/ontologies/pride/termsiri=http%3A%2F%2Fpurl.obolibrary.org%2Fobo%2FPRIDE_0000514&viewMode=All&siblings=false",Unlabeled
repositoryName,"The public repository name for the transcript (for example, Ensembl or NCBI Gene)",,Sage Bionetworks,Unlabeled
resultUnit,The unit for the result value,,Sage Bionetworks,Unlabeled
specimenIdSource,"The repository or database to which a specimenID maps; or, the group or lab that generated the specimen. For cell culture studies, the commercial source or lab that generated the cells.",,Sage Bionetworks,Unlabeled
specimenSource,Indicate the biological area of the specimen,,https://www.ebi.ac.uk/ols4/ontologies/ccf/terms?iri=http%3A%2F%2Fpurl.obolibrary.org%2Fobo%2FUBERON_0004537&lang=en&viewMode=PreferredRoots&siblings=false,Unlabeled
specimenType,Type of biological material comprising the Specimen,,"Sage Bionetworks,http://purl.obolibrary.org/obo/NCIT_C70713",Unlabeled
tissueVolume,The volume of the tissue sample. Measured in microliters.,,Sage Bionetworks,Unlabeled
tissueWeight,The mass of the tissue specimen. Measured in mg.,,Sage Bionetworks,Unlabeled
transcriptType,The type of transcript reported,,ImmPort,Unlabeled
treatmentAmountUnit,Unit of treatment amount,,"ImmPort,Sage Bionetworks",Unlabeled
treatmentAmountValue,"The Amount Value indicates how much (concentration, mass, volume) of a treatment agent was applied to a sample.",,"ImmPort,Sage Bionetworks",Unlabeled
treatmentDurationUnit,Unit of treatment duration,,"ImmPort,Sage Bionetworks",Unlabeled
treatmentDurationValue,Duration of treatment,,,Unlabeled
treatmentID(s),"One or more identifiers, separated by a semicolon (;). The treatment identifier(s) must be stored in a data dictionary .csv file uploaded to Synapse",,"ImmPort,Sage Bionetworks",Unlabeled
treatmentName,"Treatments refer to in vitro modifications of samples. Three treatment types are supported: agent amount, duration, and temperature.  Treatment name is an alternate identifier to the Treatment ID ",,"ImmPort,Sage Bionetworks",Unlabeled
treatmentTemperatureUnit,Unit of treatment temperature,,"ImmPort,Sage Bionetworks",Unlabeled
treatmentTemperatureValue,Value of treatment temperature,,"ImmPort,Sage Bionetworks",Unlabeled
useReagent,Was a reagent applied to the sample,,"ImmPort,Sage Bionetworks",Unlabeled
useTreatment,Was a treatment applied to the sample,,"ImmPort,Sage Bionetworks",Unlabeled
valueReported,The count or gene count for the transcript,,Sage Bionetworks,Unlabeled
10x,Platform,,,ValidValues
AFU,,,,ValidValues
AI,,,,ValidValues
AIBL_pool,,,,ValidValues
AU_ml,Arbitrary units per milliliter,,,ValidValues
Accel-NGS_2S_Plus,,,,ValidValues
Accel-NGS_Methyl-Seq,,,,ValidValues
Adult,,,,ValidValues
Affymetrix_Genome-Wide_Human_SNP_5.0_Array,,,,ValidValues
Agilent_44Karray,,,,ValidValues
Aging,,,,ValidValues
ArrayExpress,,,,ValidValues
BGISEQ-500,,,,ValidValues
BU,,,,ValidValues
Baker_pool,,,,ValidValues
Bionano_Irys,,,,ValidValues
Broad_Single_Cell_Portal,,,,ValidValues
Bruker_Avance_IIITimsTOF_ProOtherMsAnalyzerTypeMS1,,,,ValidValues
Bruker_Avance_IIITimsTOF_ProOtherMsAnalyzerTypeMS2,,,,ValidValues
CEL-seq,,,,ValidValues
CaptiveCaptivityStatus,"The duration of captivity in months for the individuals in captivity (formatted in months, ex. 72 months). note: Applicable only to animals with captivity status captive.",,https://www.animalaudiograms.org/audiogram_metadata_scheme#:~:text=species%20are%20possible.-,ValidValues
Cardiovascular_Health_Study_(CHS),,,,ValidValues
Centenarian,,,,ValidValues
Cerebrospinal_Fluid_(CSF),,,,ValidValues
Cherry_Imaging_FACE_Platform,,,,ValidValues
Cherry_Imaging_TRACE_Platform,,,,ValidValues
Chromium_Single_Cell_3',,,,ValidValues
Chromium_X,,,,ValidValues
DDA-MS,,,,ValidValues
DIA-MS,,,,ValidValues
DK,,,,ValidValues
DK_units_ml,,,,ValidValues
Denmark_Family,,,,ValidValues
ENA,,,,ValidValues
EndItDNAEndRepairKit,,,,ValidValues
Ensembl,,,,ValidValues
FALSE,,,,ValidValues
FPKM,,,,ValidValues
Filename,Name of the file. This helps to link annotations from metadata files.,,,ValidValues
FlowRepository,,,,ValidValues
GEO,,,,ValidValues
GIS,,,,ValidValues
GISAID,,,,ValidValues
GenBank,,,,ValidValues
GoldenWest,,,,ValidValues
HAU,,,,ValidValues
HMDB,,,,ValidValues
HPLC-MSMS,,,,ValidValues
Hispanic_or_latino,"A coded value specifying the self-declared ethnic origination independent of racial origination, provided by the data contributor's data dictionary",,https://ncithesaurus.nci.nih.gov/ncitbrowser/pages/concept_details.jsfdictionary=NCI_Thesaurus&version=23.04d&code=C93563&ns=ncit&type=properties&key=1040179992&b=1&n=0&vse=null,ValidValues
IEDB,,,,ValidValues
ITRAQ,,,,ValidValues
IU,,,,ValidValues
IU_ml,,,,ValidValues
ImmPort,,,,ValidValues
Infinium_HumanOmniExpressExome,,,,ValidValues
Juvenile,,,,ValidValues
K,,,,ValidValues
Kallikrein_Inactivator_Unit_per_Milliliter,,,,ValidValues
KapaHyperPrep,,,,ValidValues
LC-MS,,,,ValidValues
LC-MSMS,,,,ValidValues
LC-SRMOtherMsAssayTechnique,,,,ValidValues
LI-COR_Odyssey_CLx,,,,ValidValues
LTQ_Orbitrap_XL,,,,ValidValues
Label_Free,,,,ValidValues
LifeViz_Infinity_System,,,,ValidValues
LifeViz_Micro_System,,,,ValidValues
M,Molar,,,ValidValues
MDMS-SL,,,,ValidValues
MGnify,,,,ValidValues
MIB-MS,,,,ValidValues
MOI,,,,ValidValues
MONDO,,,,ValidValues
MULTIseq,,,,ValidValues
Male,,,,ValidValues
Mammal,,,,ValidValues
MassBank_of_North_America_(MoNA),,,,ValidValues
MassIVE,,,,ValidValues
MetaboLights,,,,ValidValues
Metabolomics_Workbench,,,,ValidValues
Metlin,,,,ValidValues
Minutes,,,,ValidValues
NCBI_Gene,,,,ValidValues
NEBNext,,,,ValidValues
NIST_SRM_1950,,,,ValidValues
NIST17,,,,ValidValues
NPX,,,,ValidValues
NY,,,,ValidValues
Nanostring_Counter,,,,ValidValues
Nanostring_GeoMx,,,,ValidValues
Negative,,,,ValidValues
Negative_Control,,,,ValidValues
NexteraXT,,,,ValidValues
No,,,,ValidValues
Olympus_DP80,,,,ValidValues
Omni-ATAC,,,,ValidValues
Orbitrap_Fusion,,,,ValidValues
Orbitrap_Fusion_Lumos,,,,ValidValues
Orbitrap_Fusion_Lumos_Tribrid,,,,ValidValues
PCRfree,,,,ValidValues
PFU,,,,ValidValues
PFUe,,,,ValidValues
PRIDE,,,,ValidValues
PT,,,,ValidValues
PacBio_RS_II,,,,ValidValues
PacBio_Sequel_II_System,,,,ValidValues
PacBio_Sequel_IIe_System,,,,ValidValues
Perlegen_300Karray,,,,ValidValues
Positive,,,,ValidValues
Post-Juvenile,,,,ValidValues
Pound,,,,ValidValues
Primate,,,,ValidValues
Promega_GloMax_Discover,,,,ValidValues
Q_Exactive,,,,ValidValues
Q_Exactive_HF,,,,ValidValues
Q_Exactive_HF-X,,,,ValidValues
Q_Exactive_Plus,,,,ValidValues
Q_Exative_HF,,,,ValidValues
RPKM,,,,ValidValues
SILAC,,,,ValidValues
SMRTbell,,,,ValidValues
SPLITseq,,,,ValidValues
SRA,,,,ValidValues
STARRSeq,,,,ValidValues
Seconds,,,,ValidValues
Smart-seq1,,,,ValidValues
Smart-seq2,,,,ValidValues
Smart-seq4,,,,ValidValues
Spectramax_M_Series,,,,ValidValues
Stranded,,,,ValidValues
Study_of_Osteoporotic_Fractures_(SOF),,,,ValidValues
SureCell,,,,ValidValues
TCID50,,,,ValidValues
TMT,,,,ValidValues
TPM,,,,ValidValues
TRUE,Indicate the disease or condition.,,LLFS data dictionary,ValidValues
Targeted_Absolute_Quantitation,,,,ValidValues
TargetedMsTarget,the type of biospecimen subjected to analysis,,http://purl.obolibrary.org/obo/NCIT_C156434,ValidValues
The_Osteoporotic_Fractures_in_Men_(MrOS)_Study,,,,ValidValues
TruSeq,,,,ValidValues
TruSeqOtherLibraryPreparationMethod,,,,ValidValues
UPLC-ESI-QTOF-MS,,,,ValidValues
UPLC-MSMS,,,,ValidValues
US_Family,Name of the cohort,,,ValidValues
Ultralow_Methyl-Seq,,,,ValidValues
UnTargetedMsTarget,,,,ValidValues
UnTargetedMsTargetUnknown,,,,ValidValues
UniProt,,,,ValidValues
Vectra_H1_3D_Imaging_System,,,,ValidValues
Vevo_3100_Imaging_System,,,,ValidValues
Weeks,,,,ValidValues
Wild,,,,ValidValues
Xevo_G2_QTOF,,,,ValidValues
Xevo_TQ-S,,,,ValidValues
Years,,,,ValidValues
YesHasAssayControl,Control samples suitable for normalization and batch correction,,https://doi.org/10.1101/2020.05.19.105197https://doi.org/10.1038/sdata.2017.140https://www-s.nist.gov/srmors/view_detail.cfmsrm=1950Sage BionetworksDSLWG,ValidValues
YesHasIonizationSource,"When ionProperty = `other`, add your custom value to the cell,Ion charge state (positive or negative-ion analysis)",,"Proposed minimum metadata relative to mass spectrometry ,Sage Bionetworks",ValidValues
YesUseReagent,"One or more identifiers, separated by a semicolon (;). The reagent identifier(s) must be stored in a data dictionary .csv file uploaded to Synapse",,"ImmPort,Sage Bionetworks",ValidValues
YesUseTreatment,"One or more identifiers, separated by a semicolon (;). The treatment identifier(s) must be stored in a data dictionary .csv file uploaded to Synapse",,"ImmPort,Sage Bionetworks",ValidValues
Zeiss_LSM_980,Instrument Name,,,ValidValues
amplicon,,,,ValidValues
bpg_dl,,,,ValidValues
bulk_cell,,,,ValidValues
bulk_nuclei,,,,ValidValues
cellHashing,,,,ValidValues
d.p.c.,Days post coitum,,,ValidValues
dbGAP,,,,ValidValues
forward,,,,ValidValues
g_l,,,,ValidValues
gm,,,,ValidValues
in-gel,,,,ValidValues
in-solution,,,,ValidValues
internal_standards,,,,ValidValues
iu_l,,,,ValidValues
kg,,,,ValidValues
l,,,,ValidValues
lincRNA,,,,ValidValues
lncRNAenrichment,,,,ValidValues
mM,,,,ValidValues
mRNA,,,,ValidValues
metabolite,,,,ValidValues
methylSeq,,,,ValidValues
mg,,,,ValidValues
mg_dl,,,,ValidValues
mg_l,,,,ValidValues
mg_ml,,,,ValidValues
miRNAenrichment,,,,ValidValues
mitochondria,,,,ValidValues
miu_ml,,,,ValidValues
ml,,,,ValidValues
multiome,,,,ValidValues
nM,,,,ValidValues
ng,,,,ValidValues
ng_dl,,,,ValidValues
ng_ml,,,,ValidValues
ng_nl,,,,ValidValues
ng_ul,,,,ValidValues
nl,,,,ValidValues
optical_density,,,,ValidValues
organoid,,,,ValidValues
pM,,,,ValidValues
pairedEnd,,,,ValidValues
pg,,,,ValidValues
pg_mg_creatinine,,,,ValidValues
pg_ml,,,,ValidValues
pg_nl,,,,ValidValues
pg_ul,,,,ValidValues
pl,,,,ValidValues
polyAselection,,,,ValidValues
proximity_ligation,,,,ValidValues
rRNAdepletion,,,,ValidValues
reverse,,,,ValidValues
sac-seq,,,,ValidValues
scale,,,,ValidValues
single_cell,,,,ValidValues
single_nucleus,,,,ValidValues
singleEnd,,,,ValidValues
snRNA,,,,ValidValues
sorted_cells,,,,ValidValues
sorted_nuclei,,,,ValidValues
stool,,,,ValidValues
study_pool,,,,ValidValues
studyKey,Short name of studies found in project,,,ValidValues
swabs,,,,ValidValues
time-of-flight,,,,ValidValues
totalRNA,,,,ValidValues
triple_quadrupole,,,,ValidValues
uM,,,,ValidValues
ug,,,,ValidValues
ug_dl,,,,ValidValues
ug_l,,,,ValidValues
ug_ml,,,,ValidValues
ug_ul,,,,ValidValues
uiu_ml,,,,ValidValues
ul,,,,ValidValues
umol_l,Micromoles per liter,,,ValidValues
units_ml,,,,ValidValues
water_plus_Baker_ISTD,,,,ValidValues
